EmployeeID,FirstName,LastName,Department,Salary,JoiningDate
1,John,Doe,IT,75000,2021-01-15
2,Jane,Smith,HR,68000,2021-03-22
3,Emily,Jones,Finance,72000,2021-05-30
4,Michael,Brown,IT,80000,2021-07-19
5,Linda,Johnson,Marketing,71000,2021-09-05
6,James,Williams,Finance,75000,2021-10-12
7,Patricia,Garcia,HR,69000,2021-12-01
8,Robert,Miller,Marketing,74000,2022-01-20
9,Jennifer,Wilson,IT,76000,2022-03-08
10,William,Moore,Finance,77000,2022-04-15
11,Alice,White,IT,74000,2022-06-22
12,David,Lee,HR,67000,2022-07-30
13,Olivia,Hall,Marketing,72500,2022-09-10
14,George,Allen,Finance,74000,2022-11-02
15,Emma,Young,IT,75000,2022-12-25
16,Jacob,Scott,HR,68000,2023-01-17
17,Ava,Adams,Finance,73000,2023-02-19
18,Liam,Clark,Marketing,71000,2023-03-29
19,Isabella,Roberts,IT,76500,2023-05-10
20,Noah,Turner,Finance,78000,2023-06-23
21,Sophia,Martin,IT,77000,2023-08-12
22,Mason,Walker,HR,69000,2023-09-04
23,Mia,King,Marketing,73500,2023-10-17
24,Ethan,Harris,Finance,76000,2023-11-08
25,Charlotte,Evans,IT,74000,2023-12-30
26,Daniel,James,HR,68000,2024-01-22
27,Amelia,Johnson,Marketing,72000,2024-02-15
28,Alexander,Lee,Finance,74000,2024-03-20
29,Harper,Garcia,IT,75000,2024-04-09
30,Michael,Wilson,Finance,77000,2024-05-25
31,Elijah,Miller,HR,69000,2024-07-14
32,Aria,Moore,Marketing,72500,2024-08-03
33,James,Smith,IT,76000,2024-09-21
34,Elizabeth,Lee,Finance,78000,2024-10-15
35,Benjamin,Thomas,IT,75000,2024-11-12
36,Emily,Martin,HR,67000,2024-12-01
37,Aiden,Walker,Finance,74000,2025-01-18
38,Samantha,Roberts,Marketing,73000,2025-02-20
39,Matthew,Clark,IT,76500,2025-03-16
40,Isabella,Harris,Finance,77000,2025-04-22
41,Logan,Adams,IT,74000,2025-05-09
42,Mia,Young,HR,68000,2025-06-07
43,Oliver,Moore,Marketing,72500,2025-07-14
44,Sophia,Johnson,Finance,75000,2025-08-19
45,Jacob,Martin,IT,77000,2025-09-23
46,Chloe,Scott,HR,69000,2025-10-29
47,Daniel,King,Marketing,71000,2025-11-15
48,Grace,Harris,Finance,74000,2025-12-12
49,Michael,Roberts,IT,75000,2026-01-06
50,Olivia,Clark,Finance,76000,2026-02-21
51,Henry,Lee,IT,74000,2026-03-09
52,Emma,Adams,HR,67000,2026-04-15
53,Lucas,Garcia,Marketing,73500,2026-05-10
54,Ava,Young,Finance,78000,2026-06-12
55,William,Harris,IT,75000,2026-07-22
56,Charlotte,Moore,Marketing,72000,2026-08-15
57,Ethan,Martin,Finance,74000,2026-09-20
58,James,Roberts,IT,76500,2026-10-25
59,Abigail,Smith,Finance,77000,2026-11-14
60,Alexander,Johnson,IT,74000,2026-12-12
61,Emily,Walker,HR,69000,2027-01-08
62,Michael,Adams,Marketing,72500,2027-02-20
63,Olivia,Clark,Finance,75000,2027-03-15
64,Lucas,Moore,IT,76500,2027-04-22
65,Grace,Smith,HR,68000,2027-05-30
66,Ethan,Johnson,Finance,74000,2027-06-18
67,Chloe,Wilson,Marketing,71000,2027-07-26
68,James,Adams,IT,76000,2027-08-14
69,Amelia,King,Finance,77000,2027-09-10
70,Mia,Young,HR,67000,2027-10-08
71,Matthew,Garcia,Marketing,73500,2027-11-21
72,Abigail,Smith,Finance,75000,2027-12-19
73,Jacob,Moore,IT,74000,2028-01-14
74,Isabella,Roberts,Finance,78000,2028-02-18
75,Daniel,Walker,IT,75000,2028-03-10
76,Olivia,Martin,HR,69000,2028-04-22
77,William,Johnson,Marketing,72500,2028-05-20
78,Emma,Smith,Finance,74000,2028-06-15
79,James,Harris,IT,77000,2028-07-29
80,Chloe,Garcia,Marketing,71000,2028-08-12
81,Liam,Clark,Finance,76000,2028-09-25
82,Grace,Lee,IT,74000,2028-10-18
83,Jacob,Young,HR,68000,2028-11-07
84,Emily,King,Marketing,72500,2028-12-12
85,Daniel,Johnson,Finance,75000,2029-01-15
86,Amelia,Wilson,IT,76500,2029-02-25
87,Mia,Smith,HR,69000,2029-03-19
88,James,Roberts,Finance,77000,2029-04-22
89,Lucas,Adams,IT,74000,2029-05-10
90,Chloe,Garcia,Marketing,73000,2029-06-11
91,Abigail,Martin,Finance,78000,2029-07-24
92,William,Walker,IT,75000,2029-08-19
93,Emily,Johnson,HR,67000,2029-09-27
94,Jacob,Smith,Marketing,72500,2029-10-14
95,Mia,Clark,Finance,74000,2029-11-22
96,Amelia,Harris,IT,76000,2029-12-11
97,Olivia,Garcia,Marketing,71000,2030-01-17
98,Daniel,Lee,Finance,75000,2030-02-21
99,James,Walker,HR,69000,2030-03-10
100,Chloe,Roberts,IT,77000,2030-04-18